date,unit,beds_total,beds_occupied,admissions,discharges
2026-06-22,ICU,20,15,4,7
2026-06-22,Med-Surg,60,40,0,7
2026-06-22,ED,30,30,8,2
2026-06-22,Cardiology,25,14,5,4
2026-06-22,Pediatrics,18,15,6,4
2026-06-22,Maternity,15,11,4,3
2026-06-22,Oncology,22,22,7,1
2026-06-23,ICU,20,13,5,4
2026-06-23,Med-Surg,60,60,4,0
2026-06-23,ED,30,30,6,4
2026-06-23,Cardiology,25,13,0,7
2026-06-23,Pediatrics,18,17,4,3
2026-06-23,Maternity,15,12,5,3
2026-06-23,Oncology,22,19,4,2
2026-06-24,ICU,20,17,0,4
2026-06-24,Med-Surg,60,56,0,5
2026-06-24,ED,30,27,1,4
2026-06-24,Cardiology,25,17,6,2
2026-06-24,Pediatrics,18,11,8,5
2026-06-24,Maternity,15,12,4,2
2026-06-24,Oncology,22,14,7,4
2026-06-25,ICU,20,18,5,1
2026-06-25,Med-Surg,60,47,1,2
2026-06-25,ED,30,27,3,6
2026-06-25,Cardiology,25,25,8,5
2026-06-25,Pediatrics,18,10,6,0
2026-06-25,Maternity,15,10,1,7
2026-06-25,Oncology,22,16,4,6
2026-06-26,ICU,20,19,5,1
2026-06-26,Med-Surg,60,53,7,0
2026-06-26,ED,30,25,8,5
2026-06-26,Cardiology,25,25,3,1
2026-06-26,Pediatrics,18,15,7,4
2026-06-26,Maternity,15,13,1,2
2026-06-26,Oncology,22,12,0,4
2026-06-27,ICU,20,20,1,1
2026-06-27,Med-Surg,60,40,8,2
2026-06-27,ED,30,22,5,8
2026-06-27,Cardiology,25,18,2,6
2026-06-27,Pediatrics,18,15,7,6
2026-06-27,Maternity,15,15,4,0
2026-06-27,Oncology,22,19,3,7
2026-06-28,ICU,20,15,3,5
2026-06-28,Med-Surg,60,35,5,8
2026-06-28,ED,30,30,5,0
2026-06-28,Cardiology,25,18,3,1
2026-06-28,Pediatrics,18,18,7,1
2026-06-28,Maternity,15,13,0,0
2026-06-28,Oncology,22,20,3,2
2026-06-29,ICU,20,18,3,1
2026-06-29,Med-Surg,60,57,8,3
2026-06-29,ED,30,25,3,5
2026-06-29,Cardiology,25,23,0,4
2026-06-29,Pediatrics,18,17,2,2
2026-06-29,Maternity,15,12,2,1
2026-06-29,Oncology,22,19,0,2
2026-06-30,ICU,20,11,3,5
2026-06-30,Med-Surg,60,33,4,0
2026-06-30,ED,30,18,6,8
2026-06-30,Cardiology,25,15,1,7
2026-06-30,Pediatrics,18,13,5,8
2026-06-30,Maternity,15,12,7,8
2026-06-30,Oncology,22,14,0,8
2026-07-01,ICU,20,14,0,0
2026-07-01,Med-Surg,60,60,6,6
2026-07-01,ED,30,26,7,7
2026-07-01,Cardiology,25,14,1,5
2026-07-01,Pediatrics,18,15,1,2
2026-07-01,Maternity,15,10,8,5
2026-07-01,Oncology,22,16,8,4
2026-07-02,ICU,20,15,6,1
2026-07-02,Med-Surg,60,56,1,8
2026-07-02,ED,30,27,3,6
2026-07-02,Cardiology,25,19,3,6
2026-07-02,Pediatrics,18,12,7,6
2026-07-02,Maternity,15,11,1,5
2026-07-02,Oncology,22,16,4,5
2026-07-03,ICU,20,20,7,1
2026-07-03,Med-Surg,60,35,1,1
2026-07-03,ED,30,22,5,2
2026-07-03,Cardiology,25,20,8,8
2026-07-03,Pediatrics,18,12,1,6
2026-07-03,Maternity,15,10,6,0
2026-07-03,Oncology,22,22,4,5
2026-07-04,ICU,20,12,8,3
2026-07-04,Med-Surg,60,37,7,3
2026-07-04,ED,30,29,5,8
2026-07-04,Cardiology,25,18,4,3
2026-07-04,Pediatrics,18,17,8,8
2026-07-04,Maternity,15,8,4,0
2026-07-04,Oncology,22,14,4,5
2026-07-05,ICU,20,14,2,2
2026-07-05,Med-Surg,60,49,6,1
2026-07-05,ED,30,18,0,1
2026-07-05,Cardiology,25,23,3,6
2026-07-05,Pediatrics,18,13,5,2
2026-07-05,Maternity,15,11,5,1
2026-07-05,Oncology,22,21,2,2
2026-07-06,ICU,20,18,0,1
2026-07-06,Med-Surg,60,41,6,7
2026-07-06,ED,30,25,6,4
2026-07-06,Cardiology,25,16,8,1
2026-07-06,Pediatrics,18,13,1,4
2026-07-06,Maternity,15,13,7,8
2026-07-06,Oncology,22,19,0,3
2026-07-07,ICU,20,14,0,0
2026-07-07,Med-Surg,60,39,3,2
2026-07-07,ED,30,27,4,5
2026-07-07,Cardiology,25,15,7,6
2026-07-07,Pediatrics,18,11,6,8
2026-07-07,Maternity,15,13,8,8
2026-07-07,Oncology,22,21,5,1
2026-07-08,ICU,20,14,0,6
2026-07-08,Med-Surg,60,33,1,5
2026-07-08,ED,30,25,6,6
2026-07-08,Cardiology,25,17,6,0
2026-07-08,Pediatrics,18,18,2,7
2026-07-08,Maternity,15,14,5,1
2026-07-08,Oncology,22,16,1,3
2026-07-09,ICU,20,15,6,8
2026-07-09,Med-Surg,60,35,4,5
2026-07-09,ED,30,19,2,1
2026-07-09,Cardiology,25,20,1,8
2026-07-09,Pediatrics,18,14,5,5
2026-07-09,Maternity,15,13,2,3
2026-07-09,Oncology,22,13,4,3
2026-07-10,ICU,20,12,2,1
2026-07-10,Med-Surg,60,38,7,7
2026-07-10,ED,30,27,7,5
2026-07-10,Cardiology,25,24,5,2
2026-07-10,Pediatrics,18,13,7,7
2026-07-10,Maternity,15,12,4,0
2026-07-10,Oncology,22,15,1,4
2026-07-11,ICU,20,15,0,0
2026-07-11,Med-Surg,60,44,4,1
2026-07-11,ED,30,26,1,8
2026-07-11,Cardiology,25,18,8,0
2026-07-11,Pediatrics,18,13,3,5
2026-07-11,Maternity,15,12,8,2
2026-07-11,Oncology,22,22,7,1
2026-07-12,ICU,20,19,5,1
2026-07-12,Med-Surg,60,48,2,0
2026-07-12,ED,30,20,7,7
2026-07-12,Cardiology,25,20,2,5
2026-07-12,Pediatrics,18,13,4,6
2026-07-12,Maternity,15,11,5,0
2026-07-12,Oncology,22,20,5,1
2026-07-13,ICU,20,14,8,6
2026-07-13,Med-Surg,60,41,2,5
2026-07-13,ED,30,17,2,5
2026-07-13,Cardiology,25,17,6,2
2026-07-13,Pediatrics,18,15,1,4
2026-07-13,Maternity,15,12,5,2
2026-07-13,Oncology,22,19,8,1
2026-07-14,ICU,20,17,6,8
2026-07-14,Med-Surg,60,43,5,4
2026-07-14,ED,30,19,3,5
2026-07-14,Cardiology,25,25,7,3
2026-07-14,Pediatrics,18,11,2,2
2026-07-14,Maternity,15,8,1,8
2026-07-14,Oncology,22,20,8,0
2026-07-15,ICU,20,17,2,6
2026-07-15,Med-Surg,60,37,2,2
2026-07-15,ED,30,27,0,6
2026-07-15,Cardiology,25,18,3,7
2026-07-15,Pediatrics,18,15,7,3
2026-07-15,Maternity,15,12,4,7
2026-07-15,Oncology,22,22,3,5
2026-07-16,ICU,20,17,7,7
2026-07-16,Med-Surg,60,56,6,8
2026-07-16,ED,30,24,2,3
2026-07-16,Cardiology,25,23,2,4
2026-07-16,Pediatrics,18,10,7,5
2026-07-16,Maternity,15,12,1,8
2026-07-16,Oncology,22,21,4,1
2026-07-17,ICU,20,18,4,7
2026-07-17,Med-Surg,60,60,2,6
2026-07-17,ED,30,17,3,7
2026-07-17,Cardiology,25,24,0,6
2026-07-17,Pediatrics,18,10,8,5
2026-07-17,Maternity,15,10,1,5
2026-07-17,Oncology,22,14,5,1
2026-07-18,ICU,20,19,5,2
2026-07-18,Med-Surg,60,37,4,7
2026-07-18,ED,30,26,2,7
2026-07-18,Cardiology,25,19,0,1
2026-07-18,Pediatrics,18,10,3,2
2026-07-18,Maternity,15,12,8,6
2026-07-18,Oncology,22,13,4,3
2026-07-19,ICU,20,14,0,3
2026-07-19,Med-Surg,60,45,7,1
2026-07-19,ED,30,18,7,8
2026-07-19,Cardiology,25,13,8,3
2026-07-19,Pediatrics,18,16,4,6
2026-07-19,Maternity,15,8,5,3
2026-07-19,Oncology,22,18,2,1
2026-07-20,ICU,20,16,5,1
2026-07-20,Med-Surg,60,60,8,8
2026-07-20,ED,30,28,8,8
2026-07-20,Cardiology,25,14,7,0
2026-07-20,Pediatrics,18,15,5,4
2026-07-20,Maternity,15,13,5,1
2026-07-20,Oncology,22,15,1,5
2026-07-21,ICU,20,12,5,8
2026-07-21,Med-Surg,60,43,2,7
2026-07-21,ED,30,30,7,2
2026-07-21,Cardiology,25,23,1,7
2026-07-21,Pediatrics,18,10,3,0
2026-07-21,Maternity,15,14,0,5
2026-07-21,Oncology,22,22,8,6
2026-07-22,ICU,20,20,8,7
2026-07-22,Med-Surg,60,40,3,4
2026-07-22,ED,30,21,0,5
2026-07-22,Cardiology,25,17,5,6
2026-07-22,Pediatrics,18,17,7,6
2026-07-22,Maternity,15,10,2,7
2026-07-22,Oncology,22,19,5,8
2026-07-23,ICU,20,13,1,6
2026-07-23,Med-Surg,60,35,2,8
2026-07-23,ED,30,20,1,1
2026-07-23,Cardiology,25,17,4,4
2026-07-23,Pediatrics,18,13,6,2
2026-07-23,Maternity,15,13,5,7
2026-07-23,Oncology,22,12,5,6
2026-07-24,ICU,20,13,0,1
2026-07-24,Med-Surg,60,53,6,5
2026-07-24,ED,30,24,2,0
2026-07-24,Cardiology,25,15,7,0
2026-07-24,Pediatrics,18,11,3,5
2026-07-24,Maternity,15,10,0,2
2026-07-24,Oncology,22,19,5,5
2026-07-25,ICU,20,15,1,2
2026-07-25,Med-Surg,60,48,6,5
2026-07-25,ED,30,26,3,1
2026-07-25,Cardiology,25,14,2,7
2026-07-25,Pediatrics,18,14,8,1
2026-07-25,Maternity,15,10,4,7
2026-07-25,Oncology,22,14,4,7
2026-07-26,ICU,20,13,2,1
2026-07-26,Med-Surg,60,46,7,1
2026-07-26,ED,30,28,5,5
2026-07-26,Cardiology,25,22,8,8
2026-07-26,Pediatrics,18,12,4,2
2026-07-26,Maternity,15,13,2,5
2026-07-26,Oncology,22,17,1,3
2026-07-27,ICU,20,18,3,7
2026-07-27,Med-Surg,60,33,8,5
2026-07-27,ED,30,23,8,2
2026-07-27,Cardiology,25,21,1,1
2026-07-27,Pediatrics,18,12,7,8
2026-07-27,Maternity,15,11,6,1
2026-07-27,Oncology,22,13,5,1
2026-07-28,ICU,20,15,8,5
2026-07-28,Med-Surg,60,36,8,2
2026-07-28,ED,30,28,2,6
2026-07-28,Cardiology,25,20,0,1
2026-07-28,Pediatrics,18,14,4,2
2026-07-28,Maternity,15,9,3,5
2026-07-28,Oncology,22,22,8,4
2026-07-29,ICU,20,19,4,3
2026-07-29,Med-Surg,60,52,8,4
2026-07-29,ED,30,18,4,8
2026-07-29,Cardiology,25,14,2,2
2026-07-29,Pediatrics,18,11,5,0
2026-07-29,Maternity,15,14,0,1
2026-07-29,Oncology,22,12,4,3
2026-07-30,ICU,20,18,6,0
2026-07-30,Med-Surg,60,47,8,4
2026-07-30,ED,30,26,4,7
2026-07-30,Cardiology,25,16,6,4
2026-07-30,Pediatrics,18,13,0,2
2026-07-30,Maternity,15,11,7,7
2026-07-30,Oncology,22,14,2,5
2026-07-31,ICU,20,19,5,5
2026-07-31,Med-Surg,60,60,2,5
2026-07-31,ED,30,24,1,5
2026-07-31,Cardiology,25,16,1,4
2026-07-31,Pediatrics,18,13,2,1
2026-07-31,Maternity,15,8,6,6
2026-07-31,Oncology,22,14,2,5
2026-08-01,ICU,20,20,5,3
2026-08-01,Med-Surg,60,55,7,8
2026-08-01,ED,30,23,4,7
2026-08-01,Cardiology,25,14,6,8
2026-08-01,Pediatrics,18,14,3,3
2026-08-01,Maternity,15,12,0,0
2026-08-01,Oncology,22,15,7,4
2026-08-02,ICU,20,16,1,6
2026-08-02,Med-Surg,60,37,4,5
2026-08-02,ED,30,27,5,0
2026-08-02,Cardiology,25,18,8,3
2026-08-02,Pediatrics,18,13,4,1
2026-08-02,Maternity,15,11,7,8
2026-08-02,Oncology,22,15,1,2
2026-08-03,ICU,20,20,6,5
2026-08-03,Med-Surg,60,56,5,8
2026-08-03,ED,30,30,2,3
2026-08-03,Cardiology,25,21,6,8
2026-08-03,Pediatrics,18,10,0,2
2026-08-03,Maternity,15,13,7,8
2026-08-03,Oncology,22,17,8,2
2026-08-04,ICU,20,14,5,2
2026-08-04,Med-Surg,60,44,4,5
2026-08-04,ED,30,24,8,8
2026-08-04,Cardiology,25,19,4,7
2026-08-04,Pediatrics,18,17,5,5
2026-08-04,Maternity,15,13,6,4
2026-08-04,Oncology,22,20,0,7
2026-08-05,ICU,20,13,3,0
2026-08-05,Med-Surg,60,50,2,8
2026-08-05,ED,30,25,6,2
2026-08-05,Cardiology,25,24,3,0
2026-08-05,Pediatrics,18,15,1,3
2026-08-05,Maternity,15,8,5,6
2026-08-05,Oncology,22,13,3,6
2026-08-06,ICU,20,16,7,0
2026-08-06,Med-Surg,60,54,8,3
2026-08-06,ED,30,24,7,8
2026-08-06,Cardiology,25,18,2,7
2026-08-06,Pediatrics,18,18,5,8
2026-08-06,Maternity,15,10,4,7
2026-08-06,Oncology,22,14,3,4
2026-08-07,ICU,20,16,3,4
2026-08-07,Med-Surg,60,56,3,7
2026-08-07,ED,30,21,5,8
2026-08-07,Cardiology,25,25,4,4
2026-08-07,Pediatrics,18,10,8,6
2026-08-07,Maternity,15,14,6,5
2026-08-07,Oncology,22,22,2,4
2026-08-08,ICU,20,11,1,5
2026-08-08,Med-Surg,60,60,4,7
2026-08-08,ED,30,19,8,4
2026-08-08,Cardiology,25,25,4,2
2026-08-08,Pediatrics,18,10,3,3
2026-08-08,Maternity,15,8,8,3
2026-08-08,Oncology,22,19,0,1
2026-08-09,ICU,20,15,7,1
2026-08-09,Med-Surg,60,53,2,0
2026-08-09,ED,30,30,2,6
2026-08-09,Cardiology,25,21,7,7
2026-08-09,Pediatrics,18,15,4,5
2026-08-09,Maternity,15,10,0,1
2026-08-09,Oncology,22,19,3,8
2026-08-10,ICU,20,18,0,2
2026-08-10,Med-Surg,60,45,2,0
2026-08-10,ED,30,30,6,7
2026-08-10,Cardiology,25,16,4,0
2026-08-10,Pediatrics,18,9,1,5
2026-08-10,Maternity,15,10,8,8
2026-08-10,Oncology,22,17,2,8
2026-08-11,ICU,20,15,3,1
2026-08-11,Med-Surg,60,42,7,4
2026-08-11,ED,30,27,0,5
2026-08-11,Cardiology,25,23,3,2
2026-08-11,Pediatrics,18,15,6,6
2026-08-11,Maternity,15,12,1,6
2026-08-11,Oncology,22,19,2,2
2026-08-12,ICU,20,15,3,0
2026-08-12,Med-Surg,60,40,3,7
2026-08-12,ED,30,27,5,4
2026-08-12,Cardiology,25,21,0,4
2026-08-12,Pediatrics,18,15,3,0
2026-08-12,Maternity,15,13,7,4
2026-08-12,Oncology,22,13,8,4
2026-08-13,ICU,20,17,4,5
2026-08-13,Med-Surg,60,51,3,2
2026-08-13,ED,30,23,7,5
2026-08-13,Cardiology,25,18,8,7
2026-08-13,Pediatrics,18,16,3,3
2026-08-13,Maternity,15,13,1,8
2026-08-13,Oncology,22,17,5,1
2026-08-14,ICU,20,20,1,0
2026-08-14,Med-Surg,60,57,8,3
2026-08-14,ED,30,25,2,2
2026-08-14,Cardiology,25,17,8,7
2026-08-14,Pediatrics,18,10,3,7
2026-08-14,Maternity,15,8,8,7
2026-08-14,Oncology,22,20,7,2
2026-08-15,ICU,20,16,7,0
2026-08-15,Med-Surg,60,49,4,0
2026-08-15,ED,30,22,0,3
2026-08-15,Cardiology,25,20,0,6
2026-08-15,Pediatrics,18,13,1,8
2026-08-15,Maternity,15,15,1,7
2026-08-15,Oncology,22,12,6,2
2026-08-16,ICU,20,18,6,5
2026-08-16,Med-Surg,60,60,6,7
2026-08-16,ED,30,29,6,6
2026-08-16,Cardiology,25,14,8,2
2026-08-16,Pediatrics,18,15,5,1
2026-08-16,Maternity,15,9,8,6
2026-08-16,Oncology,22,17,3,0
2026-08-17,ICU,20,18,4,7
2026-08-17,Med-Surg,60,53,8,6
2026-08-17,ED,30,24,3,3
2026-08-17,Cardiology,25,19,2,4
2026-08-17,Pediatrics,18,11,1,0
2026-08-17,Maternity,15,14,6,0
2026-08-17,Oncology,22,14,1,1
2026-08-18,ICU,20,16,7,0
2026-08-18,Med-Surg,60,40,0,6
2026-08-18,ED,30,23,8,3
2026-08-18,Cardiology,25,23,0,2
2026-08-18,Pediatrics,18,14,4,3
2026-08-18,Maternity,15,14,5,5
2026-08-18,Oncology,22,14,2,8
2026-08-19,ICU,20,13,4,4
2026-08-19,Med-Surg,60,34,2,6
2026-08-19,ED,30,24,0,5
2026-08-19,Cardiology,25,25,6,8
2026-08-19,Pediatrics,18,12,6,6
2026-08-19,Maternity,15,9,6,2
2026-08-19,Oncology,22,20,7,3
2026-08-20,ICU,20,19,4,2
2026-08-20,Med-Surg,60,57,0,8
2026-08-20,ED,30,22,6,8
2026-08-20,Cardiology,25,20,6,3
2026-08-20,Pediatrics,18,12,5,1
2026-08-20,Maternity,15,15,5,1
2026-08-20,Oncology,22,17,3,0
2026-08-21,ICU,20,13,0,1
2026-08-21,Med-Surg,60,38,8,3
2026-08-21,ED,30,23,5,4
2026-08-21,Cardiology,25,25,0,3
2026-08-21,Pediatrics,18,18,1,7
2026-08-21,Maternity,15,15,3,6
2026-08-21,Oncology,22,22,8,5
2026-08-22,ICU,20,18,6,7
2026-08-22,Med-Surg,60,49,5,4
2026-08-22,ED,30,20,8,7
2026-08-22,Cardiology,25,19,7,5
2026-08-22,Pediatrics,18,18,5,5
2026-08-22,Maternity,15,11,3,2
2026-08-22,Oncology,22,12,8,6
2026-08-23,ICU,20,13,3,5
2026-08-23,Med-Surg,60,39,3,7
2026-08-23,ED,30,24,5,4
2026-08-23,Cardiology,25,23,7,7
2026-08-23,Pediatrics,18,14,5,2
2026-08-23,Maternity,15,9,8,7
2026-08-23,Oncology,22,14,8,0
2026-08-24,ICU,20,16,1,0
2026-08-24,Med-Surg,60,55,6,2
2026-08-24,ED,30,29,3,1
2026-08-24,Cardiology,25,22,0,3
2026-08-24,Pediatrics,18,14,5,0
2026-08-24,Maternity,15,12,7,7
2026-08-24,Oncology,22,12,8,8
2026-08-25,ICU,20,15,0,8
2026-08-25,Med-Surg,60,54,8,4
2026-08-25,ED,30,16,6,2
2026-08-25,Cardiology,25,15,1,8
2026-08-25,Pediatrics,18,11,3,8
2026-08-25,Maternity,15,10,5,4
2026-08-25,Oncology,22,20,1,5
2026-08-26,ICU,20,20,7,3
2026-08-26,Med-Surg,60,60,3,4
2026-08-26,ED,30,26,1,0
2026-08-26,Cardiology,25,14,6,6
2026-08-26,Pediatrics,18,14,0,0
2026-08-26,Maternity,15,13,1,7
2026-08-26,Oncology,22,21,5,1
2026-08-27,ICU,20,19,0,3
2026-08-27,Med-Surg,60,39,7,4
2026-08-27,ED,30,17,1,4
2026-08-27,Cardiology,25,24,0,2
2026-08-27,Pediatrics,18,18,5,0
2026-08-27,Maternity,15,15,2,6
2026-08-27,Oncology,22,22,4,2
2026-08-28,ICU,20,16,6,8
2026-08-28,Med-Surg,60,42,2,1
2026-08-28,ED,30,24,5,0
2026-08-28,Cardiology,25,14,3,1
2026-08-28,Pediatrics,18,12,6,5
2026-08-28,Maternity,15,8,4,7
2026-08-28,Oncology,22,17,5,8
2026-08-29,ICU,20,20,6,2
2026-08-29,Med-Surg,60,53,6,1
2026-08-29,ED,30,28,4,3
2026-08-29,Cardiology,25,22,1,4
2026-08-29,Pediatrics,18,11,2,6
2026-08-29,Maternity,15,10,1,1
2026-08-29,Oncology,22,12,4,7
2026-08-30,ICU,20,14,4,1
2026-08-30,Med-Surg,60,36,2,6
2026-08-30,ED,30,23,8,8
2026-08-30,Cardiology,25,18,0,1
2026-08-30,Pediatrics,18,13,1,5
2026-08-30,Maternity,15,14,0,4
2026-08-30,Oncology,22,16,1,8
2026-08-31,ICU,20,20,3,8
2026-08-31,Med-Surg,60,38,6,2
2026-08-31,ED,30,18,4,4
2026-08-31,Cardiology,25,19,1,2
2026-08-31,Pediatrics,18,13,6,4
2026-08-31,Maternity,15,11,1,5
2026-08-31,Oncology,22,14,3,7
2026-09-01,ICU,20,16,3,7
2026-09-01,Med-Surg,60,36,4,0
2026-09-01,ED,30,30,5,6
2026-09-01,Cardiology,25,23,5,7
2026-09-01,Pediatrics,18,12,2,4
2026-09-01,Maternity,15,10,3,7
2026-09-01,Oncology,22,15,6,5
2026-09-02,ICU,20,13,7,3
2026-09-02,Med-Surg,60,42,4,6
2026-09-02,ED,30,21,3,8
2026-09-02,Cardiology,25,15,8,0
2026-09-02,Pediatrics,18,18,7,3
2026-09-02,Maternity,15,11,4,1
2026-09-02,Oncology,22,21,6,7
2026-09-03,ICU,20,12,4,3
2026-09-03,Med-Surg,60,40,2,6
2026-09-03,ED,30,28,1,7
2026-09-03,Cardiology,25,25,7,6
2026-09-03,Pediatrics,18,14,6,8
2026-09-03,Maternity,15,8,5,8
2026-09-03,Oncology,22,18,1,1
2026-09-04,ICU,20,18,5,2
2026-09-04,Med-Surg,60,52,0,6
2026-09-04,ED,30,30,5,6
2026-09-04,Cardiology,25,15,1,4
2026-09-04,Pediatrics,18,11,8,8
2026-09-04,Maternity,15,12,3,7
2026-09-04,Oncology,22,16,7,8
2026-09-05,ICU,20,12,0,7
2026-09-05,Med-Surg,60,36,6,1
2026-09-05,ED,30,18,2,5
2026-09-05,Cardiology,25,17,7,3
2026-09-05,Pediatrics,18,14,5,7
2026-09-05,Maternity,15,8,7,5
2026-09-05,Oncology,22,12,0,1
2026-09-06,ICU,20,11,5,1
2026-09-06,Med-Surg,60,53,2,3
2026-09-06,ED,30,24,8,2
2026-09-06,Cardiology,25,17,6,7
2026-09-06,Pediatrics,18,11,6,2
2026-09-06,Maternity,15,9,6,6
2026-09-06,Oncology,22,12,3,7
2026-09-07,ICU,20,16,6,0
2026-09-07,Med-Surg,60,54,3,4
2026-09-07,ED,30,27,1,1
2026-09-07,Cardiology,25,23,8,2
2026-09-07,Pediatrics,18,13,3,7
2026-09-07,Maternity,15,9,7,8
2026-09-07,Oncology,22,22,5,6
2026-09-08,ICU,20,17,1,5
2026-09-08,Med-Surg,60,43,7,2
2026-09-08,ED,30,28,4,1
2026-09-08,Cardiology,25,22,5,1
2026-09-08,Pediatrics,18,12,1,2
2026-09-08,Maternity,15,11,2,8
2026-09-08,Oncology,22,16,2,6
2026-09-09,ICU,20,15,7,8
2026-09-09,Med-Surg,60,53,2,8
2026-09-09,ED,30,19,4,2
2026-09-09,Cardiology,25,16,7,0
2026-09-09,Pediatrics,18,17,0,7
2026-09-09,Maternity,15,9,6,8
2026-09-09,Oncology,22,17,7,6
2026-09-10,ICU,20,17,6,7
2026-09-10,Med-Surg,60,47,1,0
2026-09-10,ED,30,28,3,4
2026-09-10,Cardiology,25,14,3,8
2026-09-10,Pediatrics,18,12,7,7
2026-09-10,Maternity,15,12,1,1
2026-09-10,Oncology,22,15,8,5
2026-09-11,ICU,20,16,0,7
2026-09-11,Med-Surg,60,49,6,1
2026-09-11,ED,30,27,3,4
2026-09-11,Cardiology,25,24,0,7
2026-09-11,Pediatrics,18,12,1,7
2026-09-11,Maternity,15,14,1,3
2026-09-11,Oncology,22,14,5,6
2026-09-12,ICU,20,12,2,3
2026-09-12,Med-Surg,60,57,0,5
2026-09-12,ED,30,24,8,2
2026-09-12,Cardiology,25,17,4,4
2026-09-12,Pediatrics,18,15,8,1
2026-09-12,Maternity,15,9,6,0
2026-09-12,Oncology,22,22,2,2
2026-09-13,ICU,20,13,5,3
2026-09-13,Med-Surg,60,55,6,7
2026-09-13,ED,30,18,4,6
2026-09-13,Cardiology,25,18,1,1
2026-09-13,Pediatrics,18,13,4,5
2026-09-13,Maternity,15,11,7,5
2026-09-13,Oncology,22,18,1,7
2026-09-14,ICU,20,17,5,1
2026-09-14,Med-Surg,60,56,6,3
2026-09-14,ED,30,30,3,7
2026-09-14,Cardiology,25,17,4,5
2026-09-14,Pediatrics,18,14,2,7
2026-09-14,Maternity,15,14,0,0
2026-09-14,Oncology,22,13,7,0
2026-09-15,ICU,20,12,2,7
2026-09-15,Med-Surg,60,46,6,3
2026-09-15,ED,30,30,2,4
2026-09-15,Cardiology,25,15,4,1
2026-09-15,Pediatrics,18,15,4,1
2026-09-15,Maternity,15,11,2,0
2026-09-15,Oncology,22,16,4,3
2026-09-16,ICU,20,15,1,1
2026-09-16,Med-Surg,60,33,7,1
2026-09-16,ED,30,18,3,8
2026-09-16,Cardiology,25,22,0,0
2026-09-16,Pediatrics,18,16,1,6
2026-09-16,Maternity,15,13,7,1
2026-09-16,Oncology,22,14,1,1
2026-09-17,ICU,20,12,5,4
2026-09-17,Med-Surg,60,37,2,2
2026-09-17,ED,30,17,0,2
2026-09-17,Cardiology,25,19,3,2
2026-09-17,Pediatrics,18,18,7,3
2026-09-17,Maternity,15,8,1,2
2026-09-17,Oncology,22,20,6,5
2026-09-18,ICU,20,20,5,2
2026-09-18,Med-Surg,60,40,1,3
2026-09-18,ED,30,24,4,0
2026-09-18,Cardiology,25,24,4,3
2026-09-18,Pediatrics,18,14,8,3
2026-09-18,Maternity,15,13,4,0
2026-09-18,Oncology,22,20,3,7
2026-09-19,ICU,20,14,3,7
2026-09-19,Med-Surg,60,52,1,8
2026-09-19,ED,30,29,0,5
2026-09-19,Cardiology,25,25,2,6
2026-09-19,Pediatrics,18,17,6,5
2026-09-19,Maternity,15,12,2,7
2026-09-19,Oncology,22,22,1,0
