date,unit,shift,nurses_scheduled,nurses_present,patient_ratio_target
2026-06-22,ICU,Day,7,7,2
2026-06-22,ICU,Night,10,10,2
2026-06-22,Med-Surg,Day,6,6,5
2026-06-22,Med-Surg,Night,12,10,5
2026-06-22,ED,Day,10,8,4
2026-06-22,ED,Night,12,11,4
2026-06-22,Cardiology,Day,12,12,4
2026-06-22,Cardiology,Night,14,12,4
2026-06-22,Pediatrics,Day,8,8,4
2026-06-22,Pediatrics,Night,7,7,4
2026-06-22,Maternity,Day,7,5,3
2026-06-22,Maternity,Night,9,9,3
2026-06-22,Oncology,Day,14,14,3
2026-06-22,Oncology,Night,12,10,3
2026-06-23,ICU,Day,7,7,2
2026-06-23,ICU,Night,12,12,2
2026-06-23,Med-Surg,Day,6,6,5
2026-06-23,Med-Surg,Night,7,6,5
2026-06-23,ED,Day,7,6,4
2026-06-23,ED,Night,6,6,4
2026-06-23,Cardiology,Day,8,8,4
2026-06-23,Cardiology,Night,6,6,4
2026-06-23,Pediatrics,Day,6,6,4
2026-06-23,Pediatrics,Night,13,13,4
2026-06-23,Maternity,Day,14,12,3
2026-06-23,Maternity,Night,10,10,3
2026-06-23,Oncology,Day,11,11,3
2026-06-23,Oncology,Night,10,10,3
2026-06-24,ICU,Day,6,6,2
2026-06-24,ICU,Night,12,12,2
2026-06-24,Med-Surg,Day,14,14,5
2026-06-24,Med-Surg,Night,10,8,5
2026-06-24,ED,Day,7,6,4
2026-06-24,ED,Night,13,11,4
2026-06-24,Cardiology,Day,11,11,4
2026-06-24,Cardiology,Night,13,11,4
2026-06-24,Pediatrics,Day,8,8,4
2026-06-24,Pediatrics,Night,8,8,4
2026-06-24,Maternity,Day,7,5,3
2026-06-24,Maternity,Night,7,7,3
2026-06-24,Oncology,Day,14,14,3
2026-06-24,Oncology,Night,6,6,3
2026-06-25,ICU,Day,9,9,2
2026-06-25,ICU,Night,13,13,2
2026-06-25,Med-Surg,Day,12,12,5
2026-06-25,Med-Surg,Night,8,8,5
2026-06-25,ED,Day,14,13,4
2026-06-25,ED,Night,9,9,4
2026-06-25,Cardiology,Day,9,8,4
2026-06-25,Cardiology,Night,11,11,4
2026-06-25,Pediatrics,Day,7,5,4
2026-06-25,Pediatrics,Night,11,11,4
2026-06-25,Maternity,Day,14,14,3
2026-06-25,Maternity,Night,8,8,3
2026-06-25,Oncology,Day,14,14,3
2026-06-25,Oncology,Night,12,12,3
2026-06-26,ICU,Day,13,13,2
2026-06-26,ICU,Night,10,10,2
2026-06-26,Med-Surg,Day,7,5,5
2026-06-26,Med-Surg,Night,13,13,5
2026-06-26,ED,Day,11,11,4
2026-06-26,ED,Night,10,8,4
2026-06-26,Cardiology,Day,10,8,4
2026-06-26,Cardiology,Night,9,8,4
2026-06-26,Pediatrics,Day,11,9,4
2026-06-26,Pediatrics,Night,13,13,4
2026-06-26,Maternity,Day,14,14,3
2026-06-26,Maternity,Night,8,8,3
2026-06-26,Oncology,Day,12,12,3
2026-06-26,Oncology,Night,9,7,3
2026-06-27,ICU,Day,11,11,2
2026-06-27,ICU,Night,11,11,2
2026-06-27,Med-Surg,Day,12,12,5
2026-06-27,Med-Surg,Night,7,7,5
2026-06-27,ED,Day,14,14,4
2026-06-27,ED,Night,12,11,4
2026-06-27,Cardiology,Day,6,6,4
2026-06-27,Cardiology,Night,10,10,4
2026-06-27,Pediatrics,Day,6,6,4
2026-06-27,Pediatrics,Night,14,13,4
2026-06-27,Maternity,Day,11,10,3
2026-06-27,Maternity,Night,7,5,3
2026-06-27,Oncology,Day,7,5,3
2026-06-27,Oncology,Night,8,7,3
2026-06-28,ICU,Day,7,5,2
2026-06-28,ICU,Night,6,5,2
2026-06-28,Med-Surg,Day,8,8,5
2026-06-28,Med-Surg,Night,10,10,5
2026-06-28,ED,Day,11,10,4
2026-06-28,ED,Night,11,11,4
2026-06-28,Cardiology,Day,13,13,4
2026-06-28,Cardiology,Night,9,9,4
2026-06-28,Pediatrics,Day,9,9,4
2026-06-28,Pediatrics,Night,7,7,4
2026-06-28,Maternity,Day,7,7,3
2026-06-28,Maternity,Night,13,12,3
2026-06-28,Oncology,Day,11,10,3
2026-06-28,Oncology,Night,7,5,3
2026-06-29,ICU,Day,11,11,2
2026-06-29,ICU,Night,13,13,2
2026-06-29,Med-Surg,Day,13,13,5
2026-06-29,Med-Surg,Night,7,7,5
2026-06-29,ED,Day,8,8,4
2026-06-29,ED,Night,6,6,4
2026-06-29,Cardiology,Day,11,11,4
2026-06-29,Cardiology,Night,7,7,4
2026-06-29,Pediatrics,Day,11,10,4
2026-06-29,Pediatrics,Night,14,14,4
2026-06-29,Maternity,Day,10,10,3
2026-06-29,Maternity,Night,8,8,3
2026-06-29,Oncology,Day,12,11,3
2026-06-29,Oncology,Night,14,12,3
2026-06-30,ICU,Day,9,9,2
2026-06-30,ICU,Night,13,13,2
2026-06-30,Med-Surg,Day,8,8,5
2026-06-30,Med-Surg,Night,6,6,5
2026-06-30,ED,Day,9,9,4
2026-06-30,ED,Night,9,8,4
2026-06-30,Cardiology,Day,11,11,4
2026-06-30,Cardiology,Night,10,10,4
2026-06-30,Pediatrics,Day,6,6,4
2026-06-30,Pediatrics,Night,9,8,4
2026-06-30,Maternity,Day,8,8,3
2026-06-30,Maternity,Night,11,11,3
2026-06-30,Oncology,Day,6,5,3
2026-06-30,Oncology,Night,6,6,3
2026-07-01,ICU,Day,12,11,2
2026-07-01,ICU,Night,13,13,2
2026-07-01,Med-Surg,Day,12,11,5
2026-07-01,Med-Surg,Night,8,8,5
2026-07-01,ED,Day,9,9,4
2026-07-01,ED,Night,10,10,4
2026-07-01,Cardiology,Day,13,13,4
2026-07-01,Cardiology,Night,6,4,4
2026-07-01,Pediatrics,Day,9,9,4
2026-07-01,Pediatrics,Night,13,12,4
2026-07-01,Maternity,Day,14,13,3
2026-07-01,Maternity,Night,6,6,3
2026-07-01,Oncology,Day,10,9,3
2026-07-01,Oncology,Night,8,7,3
2026-07-02,ICU,Day,9,7,2
2026-07-02,ICU,Night,9,7,2
2026-07-02,Med-Surg,Day,6,5,5
2026-07-02,Med-Surg,Night,11,10,5
2026-07-02,ED,Day,14,13,4
2026-07-02,ED,Night,11,9,4
2026-07-02,Cardiology,Day,14,14,4
2026-07-02,Cardiology,Night,12,12,4
2026-07-02,Pediatrics,Day,8,8,4
2026-07-02,Pediatrics,Night,11,9,4
2026-07-02,Maternity,Day,9,9,3
2026-07-02,Maternity,Night,10,10,3
2026-07-02,Oncology,Day,13,11,3
2026-07-02,Oncology,Night,11,9,3
2026-07-03,ICU,Day,9,9,2
2026-07-03,ICU,Night,7,7,2
2026-07-03,Med-Surg,Day,9,9,5
2026-07-03,Med-Surg,Night,14,14,5
2026-07-03,ED,Day,9,7,4
2026-07-03,ED,Night,12,12,4
2026-07-03,Cardiology,Day,8,8,4
2026-07-03,Cardiology,Night,9,7,4
2026-07-03,Pediatrics,Day,11,11,4
2026-07-03,Pediatrics,Night,6,6,4
2026-07-03,Maternity,Day,8,6,3
2026-07-03,Maternity,Night,9,8,3
2026-07-03,Oncology,Day,14,14,3
2026-07-03,Oncology,Night,8,7,3
2026-07-04,ICU,Day,6,6,2
2026-07-04,ICU,Night,6,6,2
2026-07-04,Med-Surg,Day,9,9,5
2026-07-04,Med-Surg,Night,14,13,5
2026-07-04,ED,Day,6,6,4
2026-07-04,ED,Night,9,9,4
2026-07-04,Cardiology,Day,11,11,4
2026-07-04,Cardiology,Night,11,11,4
2026-07-04,Pediatrics,Day,6,6,4
2026-07-04,Pediatrics,Night,8,8,4
2026-07-04,Maternity,Day,14,14,3
2026-07-04,Maternity,Night,7,7,3
2026-07-04,Oncology,Day,12,10,3
2026-07-04,Oncology,Night,7,7,3
2026-07-05,ICU,Day,10,10,2
2026-07-05,ICU,Night,8,8,2
2026-07-05,Med-Surg,Day,12,11,5
2026-07-05,Med-Surg,Night,11,11,5
2026-07-05,ED,Day,14,12,4
2026-07-05,ED,Night,11,11,4
2026-07-05,Cardiology,Day,8,7,4
2026-07-05,Cardiology,Night,10,10,4
2026-07-05,Pediatrics,Day,8,8,4
2026-07-05,Pediatrics,Night,6,4,4
2026-07-05,Maternity,Day,12,10,3
2026-07-05,Maternity,Night,6,6,3
2026-07-05,Oncology,Day,11,9,3
2026-07-05,Oncology,Night,9,7,3
2026-07-06,ICU,Day,7,6,2
2026-07-06,ICU,Night,8,8,2
2026-07-06,Med-Surg,Day,7,7,5
2026-07-06,Med-Surg,Night,11,11,5
2026-07-06,ED,Day,8,8,4
2026-07-06,ED,Night,11,10,4
2026-07-06,Cardiology,Day,6,6,4
2026-07-06,Cardiology,Night,9,9,4
2026-07-06,Pediatrics,Day,7,7,4
2026-07-06,Pediatrics,Night,10,10,4
2026-07-06,Maternity,Day,6,6,3
2026-07-06,Maternity,Night,12,11,3
2026-07-06,Oncology,Day,12,12,3
2026-07-06,Oncology,Night,12,11,3
2026-07-07,ICU,Day,12,12,2
2026-07-07,ICU,Night,14,13,2
2026-07-07,Med-Surg,Day,7,6,5
2026-07-07,Med-Surg,Night,9,9,5
2026-07-07,ED,Day,13,13,4
2026-07-07,ED,Night,6,6,4
2026-07-07,Cardiology,Day,6,6,4
2026-07-07,Cardiology,Night,10,10,4
2026-07-07,Pediatrics,Day,7,7,4
2026-07-07,Pediatrics,Night,8,7,4
2026-07-07,Maternity,Day,8,8,3
2026-07-07,Maternity,Night,14,14,3
2026-07-07,Oncology,Day,11,9,3
2026-07-07,Oncology,Night,13,13,3
2026-07-08,ICU,Day,12,12,2
2026-07-08,ICU,Night,12,12,2
2026-07-08,Med-Surg,Day,6,6,5
2026-07-08,Med-Surg,Night,11,11,5
2026-07-08,ED,Day,9,8,4
2026-07-08,ED,Night,14,12,4
2026-07-08,Cardiology,Day,10,10,4
2026-07-08,Cardiology,Night,10,10,4
2026-07-08,Pediatrics,Day,7,7,4
2026-07-08,Pediatrics,Night,12,10,4
2026-07-08,Maternity,Day,14,13,3
2026-07-08,Maternity,Night,8,8,3
2026-07-08,Oncology,Day,11,11,3
2026-07-08,Oncology,Night,12,12,3
2026-07-09,ICU,Day,10,8,2
2026-07-09,ICU,Night,13,13,2
2026-07-09,Med-Surg,Day,7,7,5
2026-07-09,Med-Surg,Night,9,9,5
2026-07-09,ED,Day,10,10,4
2026-07-09,ED,Night,13,13,4
2026-07-09,Cardiology,Day,10,9,4
2026-07-09,Cardiology,Night,13,12,4
2026-07-09,Pediatrics,Day,10,10,4
2026-07-09,Pediatrics,Night,14,13,4
2026-07-09,Maternity,Day,8,8,3
2026-07-09,Maternity,Night,12,12,3
2026-07-09,Oncology,Day,8,7,3
2026-07-09,Oncology,Night,6,6,3
2026-07-10,ICU,Day,13,12,2
2026-07-10,ICU,Night,10,10,2
2026-07-10,Med-Surg,Day,10,8,5
2026-07-10,Med-Surg,Night,6,6,5
2026-07-10,ED,Day,7,7,4
2026-07-10,ED,Night,11,9,4
2026-07-10,Cardiology,Day,12,10,4
2026-07-10,Cardiology,Night,9,7,4
2026-07-10,Pediatrics,Day,6,5,4
2026-07-10,Pediatrics,Night,14,13,4
2026-07-10,Maternity,Day,14,13,3
2026-07-10,Maternity,Night,9,8,3
2026-07-10,Oncology,Day,10,10,3
2026-07-10,Oncology,Night,12,12,3
2026-07-11,ICU,Day,14,12,2
2026-07-11,ICU,Night,14,12,2
2026-07-11,Med-Surg,Day,8,8,5
2026-07-11,Med-Surg,Night,13,13,5
2026-07-11,ED,Day,8,8,4
2026-07-11,ED,Night,9,9,4
2026-07-11,Cardiology,Day,6,5,4
2026-07-11,Cardiology,Night,7,6,4
2026-07-11,Pediatrics,Day,9,9,4
2026-07-11,Pediatrics,Night,10,10,4
2026-07-11,Maternity,Day,7,7,3
2026-07-11,Maternity,Night,12,10,3
2026-07-11,Oncology,Day,12,10,3
2026-07-11,Oncology,Night,11,11,3
2026-07-12,ICU,Day,14,13,2
2026-07-12,ICU,Night,6,4,2
2026-07-12,Med-Surg,Day,14,13,5
2026-07-12,Med-Surg,Night,7,6,5
2026-07-12,ED,Day,8,8,4
2026-07-12,ED,Night,7,7,4
2026-07-12,Cardiology,Day,7,7,4
2026-07-12,Cardiology,Night,14,14,4
2026-07-12,Pediatrics,Day,12,12,4
2026-07-12,Pediatrics,Night,12,11,4
2026-07-12,Maternity,Day,13,13,3
2026-07-12,Maternity,Night,8,8,3
2026-07-12,Oncology,Day,12,12,3
2026-07-12,Oncology,Night,12,12,3
2026-07-13,ICU,Day,12,12,2
2026-07-13,ICU,Night,9,9,2
2026-07-13,Med-Surg,Day,13,13,5
2026-07-13,Med-Surg,Night,11,11,5
2026-07-13,ED,Day,11,11,4
2026-07-13,ED,Night,10,10,4
2026-07-13,Cardiology,Day,13,13,4
2026-07-13,Cardiology,Night,9,9,4
2026-07-13,Pediatrics,Day,10,9,4
2026-07-13,Pediatrics,Night,11,11,4
2026-07-13,Maternity,Day,12,10,3
2026-07-13,Maternity,Night,7,7,3
2026-07-13,Oncology,Day,13,13,3
2026-07-13,Oncology,Night,12,11,3
2026-07-14,ICU,Day,14,14,2
2026-07-14,ICU,Night,6,4,2
2026-07-14,Med-Surg,Day,8,8,5
2026-07-14,Med-Surg,Night,10,8,5
2026-07-14,ED,Day,12,12,4
2026-07-14,ED,Night,14,12,4
2026-07-14,Cardiology,Day,6,6,4
2026-07-14,Cardiology,Night,9,9,4
2026-07-14,Pediatrics,Day,6,6,4
2026-07-14,Pediatrics,Night,6,5,4
2026-07-14,Maternity,Day,6,6,3
2026-07-14,Maternity,Night,9,9,3
2026-07-14,Oncology,Day,11,10,3
2026-07-14,Oncology,Night,14,13,3
2026-07-15,ICU,Day,7,7,2
2026-07-15,ICU,Night,9,9,2
2026-07-15,Med-Surg,Day,13,11,5
2026-07-15,Med-Surg,Night,13,13,5
2026-07-15,ED,Day,13,11,4
2026-07-15,ED,Night,14,14,4
2026-07-15,Cardiology,Day,11,11,4
2026-07-15,Cardiology,Night,10,10,4
2026-07-15,Pediatrics,Day,10,10,4
2026-07-15,Pediatrics,Night,12,12,4
2026-07-15,Maternity,Day,8,6,3
2026-07-15,Maternity,Night,9,9,3
2026-07-15,Oncology,Day,9,9,3
2026-07-15,Oncology,Night,10,9,3
2026-07-16,ICU,Day,14,14,2
2026-07-16,ICU,Night,6,5,2
2026-07-16,Med-Surg,Day,8,8,5
2026-07-16,Med-Surg,Night,6,6,5
2026-07-16,ED,Day,10,8,4
2026-07-16,ED,Night,10,10,4
2026-07-16,Cardiology,Day,12,11,4
2026-07-16,Cardiology,Night,11,10,4
2026-07-16,Pediatrics,Day,10,10,4
2026-07-16,Pediatrics,Night,13,13,4
2026-07-16,Maternity,Day,14,12,3
2026-07-16,Maternity,Night,12,10,3
2026-07-16,Oncology,Day,7,7,3
2026-07-16,Oncology,Night,14,14,3
2026-07-17,ICU,Day,14,12,2
2026-07-17,ICU,Night,10,10,2
2026-07-17,Med-Surg,Day,7,6,5
2026-07-17,Med-Surg,Night,7,7,5
2026-07-17,ED,Day,10,10,4
2026-07-17,ED,Night,10,10,4
2026-07-17,Cardiology,Day,10,10,4
2026-07-17,Cardiology,Night,8,6,4
2026-07-17,Pediatrics,Day,9,9,4
2026-07-17,Pediatrics,Night,12,12,4
2026-07-17,Maternity,Day,8,8,3
2026-07-17,Maternity,Night,13,13,3
2026-07-17,Oncology,Day,10,9,3
2026-07-17,Oncology,Night,12,11,3
2026-07-18,ICU,Day,6,4,2
2026-07-18,ICU,Night,9,9,2
2026-07-18,Med-Surg,Day,9,7,5
2026-07-18,Med-Surg,Night,13,13,5
2026-07-18,ED,Day,14,14,4
2026-07-18,ED,Night,8,6,4
2026-07-18,Cardiology,Day,8,8,4
2026-07-18,Cardiology,Night,7,6,4
2026-07-18,Pediatrics,Day,8,8,4
2026-07-18,Pediatrics,Night,14,14,4
2026-07-18,Maternity,Day,11,11,3
2026-07-18,Maternity,Night,9,9,3
2026-07-18,Oncology,Day,9,9,3
2026-07-18,Oncology,Night,12,12,3
2026-07-19,ICU,Day,11,11,2
2026-07-19,ICU,Night,10,9,2
2026-07-19,Med-Surg,Day,7,6,5
2026-07-19,Med-Surg,Night,6,4,5
2026-07-19,ED,Day,7,6,4
2026-07-19,ED,Night,9,7,4
2026-07-19,Cardiology,Day,7,6,4
2026-07-19,Cardiology,Night,14,14,4
2026-07-19,Pediatrics,Day,12,12,4
2026-07-19,Pediatrics,Night,8,8,4
2026-07-19,Maternity,Day,9,9,3
2026-07-19,Maternity,Night,12,10,3
2026-07-19,Oncology,Day,13,13,3
2026-07-19,Oncology,Night,11,11,3
2026-07-20,ICU,Day,7,6,2
2026-07-20,ICU,Night,11,11,2
2026-07-20,Med-Surg,Day,11,11,5
2026-07-20,Med-Surg,Night,6,5,5
2026-07-20,ED,Day,10,10,4
2026-07-20,ED,Night,8,6,4
2026-07-20,Cardiology,Day,8,7,4
2026-07-20,Cardiology,Night,7,7,4
2026-07-20,Pediatrics,Day,12,11,4
2026-07-20,Pediatrics,Night,12,11,4
2026-07-20,Maternity,Day,13,12,3
2026-07-20,Maternity,Night,6,6,3
2026-07-20,Oncology,Day,14,14,3
2026-07-20,Oncology,Night,11,11,3
2026-07-21,ICU,Day,11,9,2
2026-07-21,ICU,Night,9,9,2
2026-07-21,Med-Surg,Day,6,6,5
2026-07-21,Med-Surg,Night,9,9,5
2026-07-21,ED,Day,10,10,4
2026-07-21,ED,Night,7,6,4
2026-07-21,Cardiology,Day,14,12,4
2026-07-21,Cardiology,Night,10,10,4
2026-07-21,Pediatrics,Day,7,7,4
2026-07-21,Pediatrics,Night,10,10,4
2026-07-21,Maternity,Day,13,11,3
2026-07-21,Maternity,Night,14,14,3
2026-07-21,Oncology,Day,12,12,3
2026-07-21,Oncology,Night,11,10,3
2026-07-22,ICU,Day,11,11,2
2026-07-22,ICU,Night,8,7,2
2026-07-22,Med-Surg,Day,6,6,5
2026-07-22,Med-Surg,Night,9,9,5
2026-07-22,ED,Day,9,9,4
2026-07-22,ED,Night,14,14,4
2026-07-22,Cardiology,Day,7,7,4
2026-07-22,Cardiology,Night,6,5,4
2026-07-22,Pediatrics,Day,10,8,4
2026-07-22,Pediatrics,Night,6,4,4
2026-07-22,Maternity,Day,6,6,3
2026-07-22,Maternity,Night,6,6,3
2026-07-22,Oncology,Day,7,6,3
2026-07-22,Oncology,Night,13,12,3
2026-07-23,ICU,Day,7,5,2
2026-07-23,ICU,Night,10,9,2
2026-07-23,Med-Surg,Day,8,8,5
2026-07-23,Med-Surg,Night,6,6,5
2026-07-23,ED,Day,12,12,4
2026-07-23,ED,Night,14,14,4
2026-07-23,Cardiology,Day,8,7,4
2026-07-23,Cardiology,Night,7,5,4
2026-07-23,Pediatrics,Day,7,7,4
2026-07-23,Pediatrics,Night,7,7,4
2026-07-23,Maternity,Day,13,13,3
2026-07-23,Maternity,Night,9,9,3
2026-07-23,Oncology,Day,14,14,3
2026-07-23,Oncology,Night,11,10,3
2026-07-24,ICU,Day,10,10,2
2026-07-24,ICU,Night,6,4,2
2026-07-24,Med-Surg,Day,13,13,5
2026-07-24,Med-Surg,Night,13,13,5
2026-07-24,ED,Day,9,9,4
2026-07-24,ED,Night,6,6,4
2026-07-24,Cardiology,Day,7,5,4
2026-07-24,Cardiology,Night,13,13,4
2026-07-24,Pediatrics,Day,7,5,4
2026-07-24,Pediatrics,Night,7,7,4
2026-07-24,Maternity,Day,10,10,3
2026-07-24,Maternity,Night,13,13,3
2026-07-24,Oncology,Day,10,9,3
2026-07-24,Oncology,Night,6,6,3
2026-07-25,ICU,Day,8,8,2
2026-07-25,ICU,Night,10,10,2
2026-07-25,Med-Surg,Day,11,10,5
2026-07-25,Med-Surg,Night,7,7,5
2026-07-25,ED,Day,6,6,4
2026-07-25,ED,Night,8,8,4
2026-07-25,Cardiology,Day,11,11,4
2026-07-25,Cardiology,Night,13,11,4
2026-07-25,Pediatrics,Day,10,10,4
2026-07-25,Pediatrics,Night,11,11,4
2026-07-25,Maternity,Day,8,8,3
2026-07-25,Maternity,Night,12,11,3
2026-07-25,Oncology,Day,13,13,3
2026-07-25,Oncology,Night,12,11,3
2026-07-26,ICU,Day,12,12,2
2026-07-26,ICU,Night,7,7,2
2026-07-26,Med-Surg,Day,6,6,5
2026-07-26,Med-Surg,Night,7,6,5
2026-07-26,ED,Day,13,11,4
2026-07-26,ED,Night,13,13,4
2026-07-26,Cardiology,Day,12,12,4
2026-07-26,Cardiology,Night,6,6,4
2026-07-26,Pediatrics,Day,13,12,4
2026-07-26,Pediatrics,Night,7,6,4
2026-07-26,Maternity,Day,13,13,3
2026-07-26,Maternity,Night,7,7,3
2026-07-26,Oncology,Day,11,11,3
2026-07-26,Oncology,Night,14,12,3
2026-07-27,ICU,Day,9,9,2
2026-07-27,ICU,Night,14,12,2
2026-07-27,Med-Surg,Day,7,6,5
2026-07-27,Med-Surg,Night,9,8,5
2026-07-27,ED,Day,11,10,4
2026-07-27,ED,Night,8,6,4
2026-07-27,Cardiology,Day,6,6,4
2026-07-27,Cardiology,Night,8,6,4
2026-07-27,Pediatrics,Day,13,12,4
2026-07-27,Pediatrics,Night,8,8,4
2026-07-27,Maternity,Day,13,13,3
2026-07-27,Maternity,Night,9,9,3
2026-07-27,Oncology,Day,10,10,3
2026-07-27,Oncology,Night,14,14,3
2026-07-28,ICU,Day,14,13,2
2026-07-28,ICU,Night,12,12,2
2026-07-28,Med-Surg,Day,7,6,5
2026-07-28,Med-Surg,Night,13,11,5
2026-07-28,ED,Day,13,13,4
2026-07-28,ED,Night,13,12,4
2026-07-28,Cardiology,Day,11,11,4
2026-07-28,Cardiology,Night,13,13,4
2026-07-28,Pediatrics,Day,7,6,4
2026-07-28,Pediatrics,Night,12,12,4
2026-07-28,Maternity,Day,14,12,3
2026-07-28,Maternity,Night,6,6,3
2026-07-28,Oncology,Day,10,8,3
2026-07-28,Oncology,Night,14,14,3
2026-07-29,ICU,Day,13,13,2
2026-07-29,ICU,Night,11,11,2
2026-07-29,Med-Surg,Day,9,8,5
2026-07-29,Med-Surg,Night,11,9,5
2026-07-29,ED,Day,13,13,4
2026-07-29,ED,Night,13,13,4
2026-07-29,Cardiology,Day,7,7,4
2026-07-29,Cardiology,Night,6,6,4
2026-07-29,Pediatrics,Day,11,11,4
2026-07-29,Pediatrics,Night,14,12,4
2026-07-29,Maternity,Day,11,11,3
2026-07-29,Maternity,Night,6,6,3
2026-07-29,Oncology,Day,13,13,3
2026-07-29,Oncology,Night,12,12,3
2026-07-30,ICU,Day,10,8,2
2026-07-30,ICU,Night,9,9,2
2026-07-30,Med-Surg,Day,7,6,5
2026-07-30,Med-Surg,Night,9,8,5
2026-07-30,ED,Day,9,9,4
2026-07-30,ED,Night,7,6,4
2026-07-30,Cardiology,Day,6,4,4
2026-07-30,Cardiology,Night,7,6,4
2026-07-30,Pediatrics,Day,13,11,4
2026-07-30,Pediatrics,Night,14,14,4
2026-07-30,Maternity,Day,13,13,3
2026-07-30,Maternity,Night,14,14,3
2026-07-30,Oncology,Day,14,13,3
2026-07-30,Oncology,Night,13,11,3
2026-07-31,ICU,Day,8,6,2
2026-07-31,ICU,Night,8,8,2
2026-07-31,Med-Surg,Day,7,6,5
2026-07-31,Med-Surg,Night,11,9,5
2026-07-31,ED,Day,12,11,4
2026-07-31,ED,Night,9,9,4
2026-07-31,Cardiology,Day,12,12,4
2026-07-31,Cardiology,Night,10,9,4
2026-07-31,Pediatrics,Day,8,8,4
2026-07-31,Pediatrics,Night,12,10,4
2026-07-31,Maternity,Day,14,14,3
2026-07-31,Maternity,Night,14,14,3
2026-07-31,Oncology,Day,14,14,3
2026-07-31,Oncology,Night,9,9,3
2026-08-01,ICU,Day,10,10,2
2026-08-01,ICU,Night,8,8,2
2026-08-01,Med-Surg,Day,14,12,5
2026-08-01,Med-Surg,Night,11,11,5
2026-08-01,ED,Day,11,9,4
2026-08-01,ED,Night,13,11,4
2026-08-01,Cardiology,Day,12,10,4
2026-08-01,Cardiology,Night,10,9,4
2026-08-01,Pediatrics,Day,6,4,4
2026-08-01,Pediatrics,Night,7,7,4
2026-08-01,Maternity,Day,12,12,3
2026-08-01,Maternity,Night,6,6,3
2026-08-01,Oncology,Day,9,9,3
2026-08-01,Oncology,Night,8,8,3
2026-08-02,ICU,Day,10,10,2
2026-08-02,ICU,Night,6,6,2
2026-08-02,Med-Surg,Day,9,7,5
2026-08-02,Med-Surg,Night,6,6,5
2026-08-02,ED,Day,13,13,4
2026-08-02,ED,Night,14,14,4
2026-08-02,Cardiology,Day,14,13,4
2026-08-02,Cardiology,Night,9,7,4
2026-08-02,Pediatrics,Day,10,10,4
2026-08-02,Pediatrics,Night,12,11,4
2026-08-02,Maternity,Day,12,12,3
2026-08-02,Maternity,Night,14,14,3
2026-08-02,Oncology,Day,6,6,3
2026-08-02,Oncology,Night,9,7,3
2026-08-03,ICU,Day,13,13,2
2026-08-03,ICU,Night,11,9,2
2026-08-03,Med-Surg,Day,14,12,5
2026-08-03,Med-Surg,Night,9,9,5
2026-08-03,ED,Day,10,9,4
2026-08-03,ED,Night,8,8,4
2026-08-03,Cardiology,Day,8,8,4
2026-08-03,Cardiology,Night,14,14,4
2026-08-03,Pediatrics,Day,12,12,4
2026-08-03,Pediatrics,Night,12,12,4
2026-08-03,Maternity,Day,14,14,3
2026-08-03,Maternity,Night,8,8,3
2026-08-03,Oncology,Day,10,10,3
2026-08-03,Oncology,Night,11,10,3
2026-08-04,ICU,Day,8,8,2
2026-08-04,ICU,Night,8,8,2
2026-08-04,Med-Surg,Day,6,4,5
2026-08-04,Med-Surg,Night,10,9,5
2026-08-04,ED,Day,14,14,4
2026-08-04,ED,Night,7,7,4
2026-08-04,Cardiology,Day,14,14,4
2026-08-04,Cardiology,Night,8,6,4
2026-08-04,Pediatrics,Day,7,5,4
2026-08-04,Pediatrics,Night,8,7,4
2026-08-04,Maternity,Day,14,12,3
2026-08-04,Maternity,Night,12,12,3
2026-08-04,Oncology,Day,11,11,3
2026-08-04,Oncology,Night,9,9,3
2026-08-05,ICU,Day,11,11,2
2026-08-05,ICU,Night,10,10,2
2026-08-05,Med-Surg,Day,14,13,5
2026-08-05,Med-Surg,Night,14,14,5
2026-08-05,ED,Day,7,7,4
2026-08-05,ED,Night,13,13,4
2026-08-05,Cardiology,Day,9,9,4
2026-08-05,Cardiology,Night,11,10,4
2026-08-05,Pediatrics,Day,7,6,4
2026-08-05,Pediatrics,Night,10,8,4
2026-08-05,Maternity,Day,10,10,3
2026-08-05,Maternity,Night,14,14,3
2026-08-05,Oncology,Day,14,12,3
2026-08-05,Oncology,Night,13,12,3
2026-08-06,ICU,Day,6,6,2
2026-08-06,ICU,Night,9,9,2
2026-08-06,Med-Surg,Day,14,14,5
2026-08-06,Med-Surg,Night,7,7,5
2026-08-06,ED,Day,14,12,4
2026-08-06,ED,Night,6,6,4
2026-08-06,Cardiology,Day,9,9,4
2026-08-06,Cardiology,Night,12,12,4
2026-08-06,Pediatrics,Day,9,7,4
2026-08-06,Pediatrics,Night,12,12,4
2026-08-06,Maternity,Day,8,8,3
2026-08-06,Maternity,Night,13,13,3
2026-08-06,Oncology,Day,6,6,3
2026-08-06,Oncology,Night,7,7,3
2026-08-07,ICU,Day,8,8,2
2026-08-07,ICU,Night,14,14,2
2026-08-07,Med-Surg,Day,9,9,5
2026-08-07,Med-Surg,Night,12,11,5
2026-08-07,ED,Day,13,12,4
2026-08-07,ED,Night,12,12,4
2026-08-07,Cardiology,Day,6,5,4
2026-08-07,Cardiology,Night,7,5,4
2026-08-07,Pediatrics,Day,6,4,4
2026-08-07,Pediatrics,Night,7,5,4
2026-08-07,Maternity,Day,6,6,3
2026-08-07,Maternity,Night,11,9,3
2026-08-07,Oncology,Day,7,7,3
2026-08-07,Oncology,Night,10,8,3
2026-08-08,ICU,Day,7,7,2
2026-08-08,ICU,Night,13,12,2
2026-08-08,Med-Surg,Day,12,12,5
2026-08-08,Med-Surg,Night,13,13,5
2026-08-08,ED,Day,14,14,4
2026-08-08,ED,Night,8,7,4
2026-08-08,Cardiology,Day,14,14,4
2026-08-08,Cardiology,Night,8,8,4
2026-08-08,Pediatrics,Day,11,11,4
2026-08-08,Pediatrics,Night,14,12,4
2026-08-08,Maternity,Day,8,8,3
2026-08-08,Maternity,Night,6,6,3
2026-08-08,Oncology,Day,12,10,3
2026-08-08,Oncology,Night,14,14,3
2026-08-09,ICU,Day,10,10,2
2026-08-09,ICU,Night,11,11,2
2026-08-09,Med-Surg,Day,12,10,5
2026-08-09,Med-Surg,Night,8,8,5
2026-08-09,ED,Day,8,8,4
2026-08-09,ED,Night,10,10,4
2026-08-09,Cardiology,Day,7,7,4
2026-08-09,Cardiology,Night,6,4,4
2026-08-09,Pediatrics,Day,13,11,4
2026-08-09,Pediatrics,Night,7,7,4
2026-08-09,Maternity,Day,7,7,3
2026-08-09,Maternity,Night,7,7,3
2026-08-09,Oncology,Day,13,13,3
2026-08-09,Oncology,Night,11,11,3
2026-08-10,ICU,Day,9,9,2
2026-08-10,ICU,Night,10,8,2
2026-08-10,Med-Surg,Day,7,7,5
2026-08-10,Med-Surg,Night,11,10,5
2026-08-10,ED,Day,13,13,4
2026-08-10,ED,Night,10,8,4
2026-08-10,Cardiology,Day,8,6,4
2026-08-10,Cardiology,Night,11,11,4
2026-08-10,Pediatrics,Day,12,12,4
2026-08-10,Pediatrics,Night,6,6,4
2026-08-10,Maternity,Day,9,9,3
2026-08-10,Maternity,Night,12,12,3
2026-08-10,Oncology,Day,11,11,3
2026-08-10,Oncology,Night,11,10,3
2026-08-11,ICU,Day,13,12,2
2026-08-11,ICU,Night,11,11,2
2026-08-11,Med-Surg,Day,13,11,5
2026-08-11,Med-Surg,Night,7,7,5
2026-08-11,ED,Day,7,7,4
2026-08-11,ED,Night,8,6,4
2026-08-11,Cardiology,Day,9,9,4
2026-08-11,Cardiology,Night,7,7,4
2026-08-11,Pediatrics,Day,6,4,4
2026-08-11,Pediatrics,Night,6,4,4
2026-08-11,Maternity,Day,12,10,3
2026-08-11,Maternity,Night,9,9,3
2026-08-11,Oncology,Day,14,14,3
2026-08-11,Oncology,Night,14,12,3
2026-08-12,ICU,Day,13,13,2
2026-08-12,ICU,Night,11,10,2
2026-08-12,Med-Surg,Day,9,7,5
2026-08-12,Med-Surg,Night,10,10,5
2026-08-12,ED,Day,13,11,4
2026-08-12,ED,Night,14,14,4
2026-08-12,Cardiology,Day,12,12,4
2026-08-12,Cardiology,Night,14,14,4
2026-08-12,Pediatrics,Day,9,7,4
2026-08-12,Pediatrics,Night,8,6,4
2026-08-12,Maternity,Day,8,7,3
2026-08-12,Maternity,Night,8,8,3
2026-08-12,Oncology,Day,8,7,3
2026-08-12,Oncology,Night,11,11,3
2026-08-13,ICU,Day,9,8,2
2026-08-13,ICU,Night,9,9,2
2026-08-13,Med-Surg,Day,10,10,5
2026-08-13,Med-Surg,Night,9,9,5
2026-08-13,ED,Day,9,7,4
2026-08-13,ED,Night,11,10,4
2026-08-13,Cardiology,Day,13,12,4
2026-08-13,Cardiology,Night,6,6,4
2026-08-13,Pediatrics,Day,11,11,4
2026-08-13,Pediatrics,Night,14,14,4
2026-08-13,Maternity,Day,10,8,3
2026-08-13,Maternity,Night,14,12,3
2026-08-13,Oncology,Day,8,7,3
2026-08-13,Oncology,Night,12,12,3
2026-08-14,ICU,Day,7,5,2
2026-08-14,ICU,Night,10,9,2
2026-08-14,Med-Surg,Day,9,7,5
2026-08-14,Med-Surg,Night,12,12,5
2026-08-14,ED,Day,11,10,4
2026-08-14,ED,Night,13,11,4
2026-08-14,Cardiology,Day,6,4,4
2026-08-14,Cardiology,Night,8,7,4
2026-08-14,Pediatrics,Day,8,8,4
2026-08-14,Pediatrics,Night,7,5,4
2026-08-14,Maternity,Day,10,10,3
2026-08-14,Maternity,Night,8,8,3
2026-08-14,Oncology,Day,8,8,3
2026-08-14,Oncology,Night,7,7,3
2026-08-15,ICU,Day,12,12,2
2026-08-15,ICU,Night,7,6,2
2026-08-15,Med-Surg,Day,13,12,5
2026-08-15,Med-Surg,Night,9,7,5
2026-08-15,ED,Day,8,7,4
2026-08-15,ED,Night,6,6,4
2026-08-15,Cardiology,Day,6,6,4
2026-08-15,Cardiology,Night,8,8,4
2026-08-15,Pediatrics,Day,14,14,4
2026-08-15,Pediatrics,Night,8,8,4
2026-08-15,Maternity,Day,8,8,3
2026-08-15,Maternity,Night,8,6,3
2026-08-15,Oncology,Day,12,10,3
2026-08-15,Oncology,Night,6,6,3
2026-08-16,ICU,Day,7,7,2
2026-08-16,ICU,Night,13,11,2
2026-08-16,Med-Surg,Day,13,12,5
2026-08-16,Med-Surg,Night,8,8,5
2026-08-16,ED,Day,12,10,4
2026-08-16,ED,Night,8,6,4
2026-08-16,Cardiology,Day,8,6,4
2026-08-16,Cardiology,Night,14,14,4
2026-08-16,Pediatrics,Day,8,8,4
2026-08-16,Pediatrics,Night,13,11,4
2026-08-16,Maternity,Day,7,7,3
2026-08-16,Maternity,Night,12,11,3
2026-08-16,Oncology,Day,8,8,3
2026-08-16,Oncology,Night,6,6,3
2026-08-17,ICU,Day,14,12,2
2026-08-17,ICU,Night,12,12,2
2026-08-17,Med-Surg,Day,7,7,5
2026-08-17,Med-Surg,Night,13,11,5
2026-08-17,ED,Day,6,4,4
2026-08-17,ED,Night,14,14,4
2026-08-17,Cardiology,Day,7,6,4
2026-08-17,Cardiology,Night,8,6,4
2026-08-17,Pediatrics,Day,14,14,4
2026-08-17,Pediatrics,Night,12,10,4
2026-08-17,Maternity,Day,12,12,3
2026-08-17,Maternity,Night,6,4,3
2026-08-17,Oncology,Day,12,12,3
2026-08-17,Oncology,Night,13,12,3
2026-08-18,ICU,Day,11,9,2
2026-08-18,ICU,Night,7,6,2
2026-08-18,Med-Surg,Day,8,8,5
2026-08-18,Med-Surg,Night,13,13,5
2026-08-18,ED,Day,7,7,4
2026-08-18,ED,Night,14,13,4
2026-08-18,Cardiology,Day,10,10,4
2026-08-18,Cardiology,Night,6,6,4
2026-08-18,Pediatrics,Day,14,14,4
2026-08-18,Pediatrics,Night,14,14,4
2026-08-18,Maternity,Day,12,12,3
2026-08-18,Maternity,Night,11,10,3
2026-08-18,Oncology,Day,11,11,3
2026-08-18,Oncology,Night,8,7,3
2026-08-19,ICU,Day,10,10,2
2026-08-19,ICU,Night,14,13,2
2026-08-19,Med-Surg,Day,11,9,5
2026-08-19,Med-Surg,Night,10,9,5
2026-08-19,ED,Day,9,8,4
2026-08-19,ED,Night,14,12,4
2026-08-19,Cardiology,Day,13,13,4
2026-08-19,Cardiology,Night,11,9,4
2026-08-19,Pediatrics,Day,14,13,4
2026-08-19,Pediatrics,Night,10,10,4
2026-08-19,Maternity,Day,11,10,3
2026-08-19,Maternity,Night,8,8,3
2026-08-19,Oncology,Day,9,8,3
2026-08-19,Oncology,Night,8,8,3
2026-08-20,ICU,Day,9,7,2
2026-08-20,ICU,Night,12,12,2
2026-08-20,Med-Surg,Day,14,12,5
2026-08-20,Med-Surg,Night,6,6,5
2026-08-20,ED,Day,12,12,4
2026-08-20,ED,Night,7,7,4
2026-08-20,Cardiology,Day,13,11,4
2026-08-20,Cardiology,Night,12,12,4
2026-08-20,Pediatrics,Day,7,7,4
2026-08-20,Pediatrics,Night,9,9,4
2026-08-20,Maternity,Day,7,5,3
2026-08-20,Maternity,Night,6,5,3
2026-08-20,Oncology,Day,12,10,3
2026-08-20,Oncology,Night,14,14,3
2026-08-21,ICU,Day,6,6,2
2026-08-21,ICU,Night,13,12,2
2026-08-21,Med-Surg,Day,6,6,5
2026-08-21,Med-Surg,Night,14,14,5
2026-08-21,ED,Day,9,9,4
2026-08-21,ED,Night,14,12,4
2026-08-21,Cardiology,Day,9,7,4
2026-08-21,Cardiology,Night,8,8,4
2026-08-21,Pediatrics,Day,11,11,4
2026-08-21,Pediatrics,Night,6,6,4
2026-08-21,Maternity,Day,7,7,3
2026-08-21,Maternity,Night,12,12,3
2026-08-21,Oncology,Day,12,11,3
2026-08-21,Oncology,Night,9,7,3
2026-08-22,ICU,Day,6,6,2
2026-08-22,ICU,Night,7,5,2
2026-08-22,Med-Surg,Day,10,8,5
2026-08-22,Med-Surg,Night,11,11,5
2026-08-22,ED,Day,10,10,4
2026-08-22,ED,Night,9,8,4
2026-08-22,Cardiology,Day,12,10,4
2026-08-22,Cardiology,Night,6,6,4
2026-08-22,Pediatrics,Day,8,7,4
2026-08-22,Pediatrics,Night,14,14,4
2026-08-22,Maternity,Day,14,14,3
2026-08-22,Maternity,Night,14,14,3
2026-08-22,Oncology,Day,11,11,3
2026-08-22,Oncology,Night,14,14,3
2026-08-23,ICU,Day,14,12,2
2026-08-23,ICU,Night,10,9,2
2026-08-23,Med-Surg,Day,12,10,5
2026-08-23,Med-Surg,Night,13,13,5
2026-08-23,ED,Day,11,10,4
2026-08-23,ED,Night,13,11,4
2026-08-23,Cardiology,Day,6,5,4
2026-08-23,Cardiology,Night,7,7,4
2026-08-23,Pediatrics,Day,7,6,4
2026-08-23,Pediatrics,Night,9,9,4
2026-08-23,Maternity,Day,11,10,3
2026-08-23,Maternity,Night,11,9,3
2026-08-23,Oncology,Day,14,14,3
2026-08-23,Oncology,Night,10,10,3
2026-08-24,ICU,Day,10,10,2
2026-08-24,ICU,Night,12,12,2
2026-08-24,Med-Surg,Day,7,5,5
2026-08-24,Med-Surg,Night,8,7,5
2026-08-24,ED,Day,11,11,4
2026-08-24,ED,Night,9,7,4
2026-08-24,Cardiology,Day,10,10,4
2026-08-24,Cardiology,Night,9,8,4
2026-08-24,Pediatrics,Day,9,9,4
2026-08-24,Pediatrics,Night,9,9,4
2026-08-24,Maternity,Day,9,9,3
2026-08-24,Maternity,Night,9,9,3
2026-08-24,Oncology,Day,11,11,3
2026-08-24,Oncology,Night,7,7,3
2026-08-25,ICU,Day,7,6,2
2026-08-25,ICU,Night,6,4,2
2026-08-25,Med-Surg,Day,6,5,5
2026-08-25,Med-Surg,Night,11,9,5
2026-08-25,ED,Day,11,10,4
2026-08-25,ED,Night,10,9,4
2026-08-25,Cardiology,Day,8,6,4
2026-08-25,Cardiology,Night,10,9,4
2026-08-25,Pediatrics,Day,9,7,4
2026-08-25,Pediatrics,Night,8,8,4
2026-08-25,Maternity,Day,14,13,3
2026-08-25,Maternity,Night,13,11,3
2026-08-25,Oncology,Day,6,4,3
2026-08-25,Oncology,Night,11,10,3
2026-08-26,ICU,Day,8,7,2
2026-08-26,ICU,Night,7,5,2
2026-08-26,Med-Surg,Day,13,13,5
2026-08-26,Med-Surg,Night,6,6,5
2026-08-26,ED,Day,9,8,4
2026-08-26,ED,Night,7,7,4
2026-08-26,Cardiology,Day,11,9,4
2026-08-26,Cardiology,Night,10,10,4
2026-08-26,Pediatrics,Day,14,14,4
2026-08-26,Pediatrics,Night,9,9,4
2026-08-26,Maternity,Day,13,11,3
2026-08-26,Maternity,Night,11,11,3
2026-08-26,Oncology,Day,8,7,3
2026-08-26,Oncology,Night,12,12,3
2026-08-27,ICU,Day,12,12,2
2026-08-27,ICU,Night,11,10,2
2026-08-27,Med-Surg,Day,10,9,5
2026-08-27,Med-Surg,Night,8,6,5
2026-08-27,ED,Day,8,6,4
2026-08-27,ED,Night,9,9,4
2026-08-27,Cardiology,Day,10,10,4
2026-08-27,Cardiology,Night,14,13,4
2026-08-27,Pediatrics,Day,12,12,4
2026-08-27,Pediatrics,Night,8,8,4
2026-08-27,Maternity,Day,13,13,3
2026-08-27,Maternity,Night,8,7,3
2026-08-27,Oncology,Day,13,13,3
2026-08-27,Oncology,Night,14,12,3
2026-08-28,ICU,Day,11,10,2
2026-08-28,ICU,Night,10,10,2
2026-08-28,Med-Surg,Day,14,12,5
2026-08-28,Med-Surg,Night,6,5,5
2026-08-28,ED,Day,7,7,4
2026-08-28,ED,Night,6,6,4
2026-08-28,Cardiology,Day,10,9,4
2026-08-28,Cardiology,Night,7,6,4
2026-08-28,Pediatrics,Day,11,11,4
2026-08-28,Pediatrics,Night,11,11,4
2026-08-28,Maternity,Day,14,12,3
2026-08-28,Maternity,Night,10,10,3
2026-08-28,Oncology,Day,6,5,3
2026-08-28,Oncology,Night,7,7,3
2026-08-29,ICU,Day,9,7,2
2026-08-29,ICU,Night,14,14,2
2026-08-29,Med-Surg,Day,10,10,5
2026-08-29,Med-Surg,Night,11,9,5
2026-08-29,ED,Day,13,12,4
2026-08-29,ED,Night,7,6,4
2026-08-29,Cardiology,Day,10,9,4
2026-08-29,Cardiology,Night,8,8,4
2026-08-29,Pediatrics,Day,11,10,4
2026-08-29,Pediatrics,Night,12,12,4
2026-08-29,Maternity,Day,7,7,3
2026-08-29,Maternity,Night,11,11,3
2026-08-29,Oncology,Day,11,11,3
2026-08-29,Oncology,Night,10,10,3
2026-08-30,ICU,Day,12,12,2
2026-08-30,ICU,Night,13,13,2
2026-08-30,Med-Surg,Day,14,13,5
2026-08-30,Med-Surg,Night,12,12,5
2026-08-30,ED,Day,8,8,4
2026-08-30,ED,Night,8,8,4
2026-08-30,Cardiology,Day,10,10,4
2026-08-30,Cardiology,Night,9,9,4
2026-08-30,Pediatrics,Day,12,12,4
2026-08-30,Pediatrics,Night,7,7,4
2026-08-30,Maternity,Day,13,11,3
2026-08-30,Maternity,Night,6,6,3
2026-08-30,Oncology,Day,12,10,3
2026-08-30,Oncology,Night,7,7,3
2026-08-31,ICU,Day,10,8,2
2026-08-31,ICU,Night,8,8,2
2026-08-31,Med-Surg,Day,12,12,5
2026-08-31,Med-Surg,Night,9,9,5
2026-08-31,ED,Day,10,9,4
2026-08-31,ED,Night,8,8,4
2026-08-31,Cardiology,Day,14,14,4
2026-08-31,Cardiology,Night,6,6,4
2026-08-31,Pediatrics,Day,11,11,4
2026-08-31,Pediatrics,Night,13,12,4
2026-08-31,Maternity,Day,14,14,3
2026-08-31,Maternity,Night,14,13,3
2026-08-31,Oncology,Day,8,6,3
2026-08-31,Oncology,Night,8,6,3
2026-09-01,ICU,Day,13,11,2
2026-09-01,ICU,Night,12,10,2
2026-09-01,Med-Surg,Day,14,14,5
2026-09-01,Med-Surg,Night,11,10,5
2026-09-01,ED,Day,14,14,4
2026-09-01,ED,Night,7,6,4
2026-09-01,Cardiology,Day,10,10,4
2026-09-01,Cardiology,Night,12,12,4
2026-09-01,Pediatrics,Day,8,8,4
2026-09-01,Pediatrics,Night,6,6,4
2026-09-01,Maternity,Day,14,14,3
2026-09-01,Maternity,Night,11,11,3
2026-09-01,Oncology,Day,13,11,3
2026-09-01,Oncology,Night,6,5,3
2026-09-02,ICU,Day,13,13,2
2026-09-02,ICU,Night,6,5,2
2026-09-02,Med-Surg,Day,10,8,5
2026-09-02,Med-Surg,Night,9,9,5
2026-09-02,ED,Day,14,14,4
2026-09-02,ED,Night,9,8,4
2026-09-02,Cardiology,Day,14,13,4
2026-09-02,Cardiology,Night,12,12,4
2026-09-02,Pediatrics,Day,8,7,4
2026-09-02,Pediatrics,Night,12,12,4
2026-09-02,Maternity,Day,10,10,3
2026-09-02,Maternity,Night,12,12,3
2026-09-02,Oncology,Day,14,12,3
2026-09-02,Oncology,Night,10,10,3
2026-09-03,ICU,Day,14,14,2
2026-09-03,ICU,Night,12,12,2
2026-09-03,Med-Surg,Day,7,7,5
2026-09-03,Med-Surg,Night,8,8,5
2026-09-03,ED,Day,7,6,4
2026-09-03,ED,Night,13,13,4
2026-09-03,Cardiology,Day,13,13,4
2026-09-03,Cardiology,Night,11,11,4
2026-09-03,Pediatrics,Day,8,8,4
2026-09-03,Pediatrics,Night,14,14,4
2026-09-03,Maternity,Day,8,8,3
2026-09-03,Maternity,Night,10,10,3
2026-09-03,Oncology,Day,8,7,3
2026-09-03,Oncology,Night,6,6,3
2026-09-04,ICU,Day,7,7,2
2026-09-04,ICU,Night,6,5,2
2026-09-04,Med-Surg,Day,9,9,5
2026-09-04,Med-Surg,Night,12,12,5
2026-09-04,ED,Day,13,13,4
2026-09-04,ED,Night,13,13,4
2026-09-04,Cardiology,Day,11,11,4
2026-09-04,Cardiology,Night,8,8,4
2026-09-04,Pediatrics,Day,10,9,4
2026-09-04,Pediatrics,Night,7,5,4
2026-09-04,Maternity,Day,13,13,3
2026-09-04,Maternity,Night,9,9,3
2026-09-04,Oncology,Day,12,12,3
2026-09-04,Oncology,Night,7,7,3
2026-09-05,ICU,Day,12,11,2
2026-09-05,ICU,Night,9,9,2
2026-09-05,Med-Surg,Day,9,8,5
2026-09-05,Med-Surg,Night,7,5,5
2026-09-05,ED,Day,9,8,4
2026-09-05,ED,Night,12,12,4
2026-09-05,Cardiology,Day,11,11,4
2026-09-05,Cardiology,Night,6,4,4
2026-09-05,Pediatrics,Day,14,14,4
2026-09-05,Pediatrics,Night,10,9,4
2026-09-05,Maternity,Day,10,10,3
2026-09-05,Maternity,Night,11,11,3
2026-09-05,Oncology,Day,9,9,3
2026-09-05,Oncology,Night,9,8,3
2026-09-06,ICU,Day,11,11,2
2026-09-06,ICU,Night,8,8,2
2026-09-06,Med-Surg,Day,7,6,5
2026-09-06,Med-Surg,Night,9,9,5
2026-09-06,ED,Day,6,4,4
2026-09-06,ED,Night,13,11,4
2026-09-06,Cardiology,Day,8,8,4
2026-09-06,Cardiology,Night,7,7,4
2026-09-06,Pediatrics,Day,8,7,4
2026-09-06,Pediatrics,Night,7,5,4
2026-09-06,Maternity,Day,11,11,3
2026-09-06,Maternity,Night,6,6,3
2026-09-06,Oncology,Day,8,6,3
2026-09-06,Oncology,Night,7,7,3
2026-09-07,ICU,Day,13,13,2
2026-09-07,ICU,Night,11,9,2
2026-09-07,Med-Surg,Day,11,10,5
2026-09-07,Med-Surg,Night,9,9,5
2026-09-07,ED,Day,12,12,4
2026-09-07,ED,Night,8,8,4
2026-09-07,Cardiology,Day,6,5,4
2026-09-07,Cardiology,Night,13,11,4
2026-09-07,Pediatrics,Day,10,8,4
2026-09-07,Pediatrics,Night,13,13,4
2026-09-07,Maternity,Day,8,6,3
2026-09-07,Maternity,Night,11,11,3
2026-09-07,Oncology,Day,13,13,3
2026-09-07,Oncology,Night,14,14,3
2026-09-08,ICU,Day,7,5,2
2026-09-08,ICU,Night,8,7,2
2026-09-08,Med-Surg,Day,10,10,5
2026-09-08,Med-Surg,Night,14,14,5
2026-09-08,ED,Day,13,13,4
2026-09-08,ED,Night,14,13,4
2026-09-08,Cardiology,Day,8,8,4
2026-09-08,Cardiology,Night,11,9,4
2026-09-08,Pediatrics,Day,9,9,4
2026-09-08,Pediatrics,Night,7,5,4
2026-09-08,Maternity,Day,12,12,3
2026-09-08,Maternity,Night,14,13,3
2026-09-08,Oncology,Day,14,14,3
2026-09-08,Oncology,Night,10,10,3
2026-09-09,ICU,Day,12,12,2
2026-09-09,ICU,Night,7,7,2
2026-09-09,Med-Surg,Day,14,14,5
2026-09-09,Med-Surg,Night,6,6,5
2026-09-09,ED,Day,8,8,4
2026-09-09,ED,Night,9,9,4
2026-09-09,Cardiology,Day,13,13,4
2026-09-09,Cardiology,Night,7,7,4
2026-09-09,Pediatrics,Day,12,11,4
2026-09-09,Pediatrics,Night,14,12,4
2026-09-09,Maternity,Day,10,10,3
2026-09-09,Maternity,Night,11,11,3
2026-09-09,Oncology,Day,7,7,3
2026-09-09,Oncology,Night,9,8,3
2026-09-10,ICU,Day,7,6,2
2026-09-10,ICU,Night,6,6,2
2026-09-10,Med-Surg,Day,14,13,5
2026-09-10,Med-Surg,Night,11,11,5
2026-09-10,ED,Day,10,8,4
2026-09-10,ED,Night,6,6,4
2026-09-10,Cardiology,Day,10,10,4
2026-09-10,Cardiology,Night,9,7,4
2026-09-10,Pediatrics,Day,7,7,4
2026-09-10,Pediatrics,Night,9,7,4
2026-09-10,Maternity,Day,12,12,3
2026-09-10,Maternity,Night,9,7,3
2026-09-10,Oncology,Day,9,7,3
2026-09-10,Oncology,Night,8,6,3
2026-09-11,ICU,Day,14,13,2
2026-09-11,ICU,Night,7,5,2
2026-09-11,Med-Surg,Day,11,10,5
2026-09-11,Med-Surg,Night,12,12,5
2026-09-11,ED,Day,8,8,4
2026-09-11,ED,Night,14,13,4
2026-09-11,Cardiology,Day,14,14,4
2026-09-11,Cardiology,Night,8,6,4
2026-09-11,Pediatrics,Day,13,13,4
2026-09-11,Pediatrics,Night,11,9,4
2026-09-11,Maternity,Day,11,11,3
2026-09-11,Maternity,Night,12,11,3
2026-09-11,Oncology,Day,11,9,3
2026-09-11,Oncology,Night,9,7,3
2026-09-12,ICU,Day,14,14,2
2026-09-12,ICU,Night,12,10,2
2026-09-12,Med-Surg,Day,10,10,5
2026-09-12,Med-Surg,Night,13,12,5
2026-09-12,ED,Day,12,12,4
2026-09-12,ED,Night,6,6,4
2026-09-12,Cardiology,Day,6,4,4
2026-09-12,Cardiology,Night,8,8,4
2026-09-12,Pediatrics,Day,6,6,4
2026-09-12,Pediatrics,Night,9,9,4
2026-09-12,Maternity,Day,11,11,3
2026-09-12,Maternity,Night,10,8,3
2026-09-12,Oncology,Day,14,12,3
2026-09-12,Oncology,Night,8,8,3
2026-09-13,ICU,Day,6,5,2
2026-09-13,ICU,Night,11,11,2
2026-09-13,Med-Surg,Day,8,8,5
2026-09-13,Med-Surg,Night,11,9,5
2026-09-13,ED,Day,9,9,4
2026-09-13,ED,Night,10,10,4
2026-09-13,Cardiology,Day,7,5,4
2026-09-13,Cardiology,Night,12,10,4
2026-09-13,Pediatrics,Day,9,9,4
2026-09-13,Pediatrics,Night,11,10,4
2026-09-13,Maternity,Day,8,7,3
2026-09-13,Maternity,Night,7,5,3
2026-09-13,Oncology,Day,10,10,3
2026-09-13,Oncology,Night,12,12,3
2026-09-14,ICU,Day,6,6,2
2026-09-14,ICU,Night,11,10,2
2026-09-14,Med-Surg,Day,12,12,5
2026-09-14,Med-Surg,Night,9,7,5
2026-09-14,ED,Day,6,5,4
2026-09-14,ED,Night,6,6,4
2026-09-14,Cardiology,Day,14,14,4
2026-09-14,Cardiology,Night,11,9,4
2026-09-14,Pediatrics,Day,8,8,4
2026-09-14,Pediatrics,Night,14,14,4
2026-09-14,Maternity,Day,8,8,3
2026-09-14,Maternity,Night,12,11,3
2026-09-14,Oncology,Day,14,14,3
2026-09-14,Oncology,Night,9,8,3
2026-09-15,ICU,Day,10,9,2
2026-09-15,ICU,Night,8,8,2
2026-09-15,Med-Surg,Day,11,11,5
2026-09-15,Med-Surg,Night,13,11,5
2026-09-15,ED,Day,6,4,4
2026-09-15,ED,Night,12,12,4
2026-09-15,Cardiology,Day,7,6,4
2026-09-15,Cardiology,Night,14,13,4
2026-09-15,Pediatrics,Day,8,8,4
2026-09-15,Pediatrics,Night,13,11,4
2026-09-15,Maternity,Day,9,8,3
2026-09-15,Maternity,Night,12,10,3
2026-09-15,Oncology,Day,9,7,3
2026-09-15,Oncology,Night,14,14,3
2026-09-16,ICU,Day,9,9,2
2026-09-16,ICU,Night,10,9,2
2026-09-16,Med-Surg,Day,11,9,5
2026-09-16,Med-Surg,Night,7,7,5
2026-09-16,ED,Day,12,11,4
2026-09-16,ED,Night,11,11,4
2026-09-16,Cardiology,Day,9,9,4
2026-09-16,Cardiology,Night,11,9,4
2026-09-16,Pediatrics,Day,6,6,4
2026-09-16,Pediatrics,Night,8,8,4
2026-09-16,Maternity,Day,13,11,3
2026-09-16,Maternity,Night,8,7,3
2026-09-16,Oncology,Day,6,6,3
2026-09-16,Oncology,Night,9,9,3
2026-09-17,ICU,Day,8,8,2
2026-09-17,ICU,Night,7,7,2
2026-09-17,Med-Surg,Day,9,7,5
2026-09-17,Med-Surg,Night,8,8,5
2026-09-17,ED,Day,6,6,4
2026-09-17,ED,Night,7,7,4
2026-09-17,Cardiology,Day,13,12,4
2026-09-17,Cardiology,Night,6,6,4
2026-09-17,Pediatrics,Day,9,7,4
2026-09-17,Pediatrics,Night,9,9,4
2026-09-17,Maternity,Day,14,12,3
2026-09-17,Maternity,Night,10,8,3
2026-09-17,Oncology,Day,13,11,3
2026-09-17,Oncology,Night,8,8,3
2026-09-18,ICU,Day,12,10,2
2026-09-18,ICU,Night,14,14,2
2026-09-18,Med-Surg,Day,10,10,5
2026-09-18,Med-Surg,Night,6,6,5
2026-09-18,ED,Day,9,7,4
2026-09-18,ED,Night,10,10,4
2026-09-18,Cardiology,Day,13,13,4
2026-09-18,Cardiology,Night,7,6,4
2026-09-18,Pediatrics,Day,10,10,4
2026-09-18,Pediatrics,Night,7,7,4
2026-09-18,Maternity,Day,10,9,3
2026-09-18,Maternity,Night,9,8,3
2026-09-18,Oncology,Day,14,14,3
2026-09-18,Oncology,Night,11,10,3
2026-09-19,ICU,Day,14,14,2
2026-09-19,ICU,Night,8,8,2
2026-09-19,Med-Surg,Day,14,13,5
2026-09-19,Med-Surg,Night,14,14,5
2026-09-19,ED,Day,6,6,4
2026-09-19,ED,Night,14,14,4
2026-09-19,Cardiology,Day,11,10,4
2026-09-19,Cardiology,Night,12,12,4
2026-09-19,Pediatrics,Day,6,6,4
2026-09-19,Pediatrics,Night,11,11,4
2026-09-19,Maternity,Day,10,10,3
2026-09-19,Maternity,Night,14,14,3
2026-09-19,Oncology,Day,6,6,3
2026-09-19,Oncology,Night,12,12,3
